Line No.,Content (Cleaned)
1970-01-01 00:00:00.000000001,pk
1970-01-01 00:00:00.000000002,ndocpropspknrtqdocpropsappxmlqo 4oh3lhzscp2hyw4cbwk4b3e6k7ez4gaxvpeohxg9sw8mrtsec53o9pmhshkjbw
1970-01-01 00:00:00.000000003,xc5lfs9wonic2jtjgijo1anpycvmpknwodocpropscorexmln0dhcbuty5em8ijfguuz842a
1970-01-01 00:00:00.000000004,h1ar0bvnopk9ngj1 
1970-01-01 00:00:00.000000005,t4vbcgfrpj06m4fo5vc aejyl8mwgwok6zf ywwrfogmbu7pkndocpropscustomxmlmkijxubinnenux3686fjjo5bwekjiylooz5fmlc9tccglgwdemomotxh14d0b94bwf
1970-01-01 00:00:00.000000006,tecv5x1hhhcrf8wmndhpmuepk
1970-01-01 00:00:00.000000007,nwordpkn
1970-01-01 00:00:00.000000008,gwordstylesxmlsoujogdzloolrrywji3m4dgy1znbd5e3smrtt0zitqbktbd2d2tuvhlxw6d2mn0aqoe0vqjfqzdjfscndwqtfzwlckh d tujhfr5hjarxjsyngpvgk2znipcutj3ja5
1970-01-01 00:00:00.000000009,rio8wd6b nfdvnc4l8pcnkgp 00cdh5cbx0iar2ehcipq1lxfcv
1970-01-01 00:00:00.000000010,0h3iryuaf28ek9cgly6mm3 w ghcqoehnksh68diec2j0whnn9dkybgletkc6kupzcqoba7fhog0cjxwpxqgofoldoosdwfdhu1gsfuzfkfh41islrqestrhekonqrukccm4ckcldcujzaynbn8k0s0uuf0lj3qllllllr782akxcf rukgkpvalxr2lgudz3gy6ktxr5n seupztagdk qmcos5 6oxt 4bu ruhpnmlcvomhohsmj5clrtsy65
1970-01-01 00:00:00.000000011,jvm
1970-01-01 00:00:00.000000012,vtt6yatmtmtt6mj7hqjlhwenroqooqooqpezsmcmoqt7vm7xsz7xsz7x7t6omjx7qmohwoejdjdhorxslp5h7vamenxsmtmtmdm76jdh7770e3713w7g4wjggb6qh7n2lt32ev8qksgtqxjm8d2xaq9gepsad8e97fji8e1mcnhc85glzlvg
1970-01-01 00:00:00.000000013,4xipknv5
1970-01-01 00:00:00.000000014,wordsettingsxmlvko8rdnmqshmiy9kq2yvcpmnz3yijbntxtjxv2fgifiea2jcj6vawku5spxms4qaovizbu
1970-01-01 00:00:00.000000015,sblovjcxqycmmn9jinm6i76awxnlqzpo1hkyz5abiph
1970-01-01 00:00:00.000000016,q4ih69912cajzs4nc1pcq8nwyq1xtt3xiaalzqhhvg9nrx 1ibu
1970-01-01 00:00:00.000000017,rc 5h8gyckiw0yosz3mrqnypsn9td rk6qzi
1970-01-01 00:00:00.000000018,einteja5kisw k0 n82np3ffortwprfio8mz4w8h38whhnlrpknv
1970-01-01 00:00:00.000000019,twordfootnotesxmln0axf zf7l7vha utrmzp
1970-01-01 00:00:00.000000020,2fyxvsim3r1ulivob4a
1970-01-01 00:00:00.000000021,kn4hktzlbhnckwpd4xld3zppmpsi9ajfjfjvjvp2isiz
1970-01-01 00:00:00.000000022,ebhkgaus
1970-01-01 00:00:00.000000023,5g7vqh9q55iilmym8 isz93ndrmho8jepm7lgmpkn4wordendnotesxmln08hwpk9zywtti4icb5hqnbwihx98b6useap4gfissbt19knictzkoeqnqai xjol5cwusw0pzdjvda2 48hyde10c1axjmh8hxsrml0x0oia2f2k
1970-01-01 00:00:00.000000024, qfmgowg4hvr7by xpk
1970-01-01 00:00:00.000000025,nwordthemepknwordthemetheme1xmly7sommb 
1970-01-01 00:00:00.000000026,hoxo11ip2biqgpojvf03yx
1970-01-01 00:00:00.000000027,81mrho0eqwebgebirmft5zbjv5uw4b6wkfgbwjkpeav7jkpdi2yakduptbbtiorf6dohiflhvqycjioyilwgc 1ub1on
1970-01-01 00:00:00.000000028, 5wfqbw8hxuztkqlpmey0mbjnti
1970-01-01 00:00:00.000000029,jhzvwdc3auwswtrbje2bnpfifri1av2n20mtaamjqoy1zjirg3t3jpf w4aca8vp3affqdi3qbru8aorqlrk2ulcpgalfthu wvyvxp8hku09dd2vyjuyl28n5zgusr
1970-01-01 00:00:00.000000030,ef8onyhbmappq
1970-01-01 00:00:00.000000031,6ybvk siko vxgl1toh5e3 be5v7qd10k0tmqxuo6r3ds3uqb65yi6ztnyuvciwjipkn7dkworddocumentxmln8ildiiyb9v5xovuaw
1970-01-01 00:00:00.000000032,1lxvkhgeeiowemfjk5s5zxwpxo7mr2zu0dmofq0cmphr9kzsnwcl4my n1wt7tci1sudiwpfdoyawwzahjgkifjlm7h
1970-01-01 00:00:00.000000033,kpf7jc8vgkeo6zxjz6tjtekcrhxwrkwsw48tvgkpqvw54i7hk
1970-01-01 00:00:00.000000034,sbq4d8 0akz6oahdvynhyno9kbdfbb1ne7w34xaegts1ukcdahjslb7fkmzqtla0nffa6bz dftrzdj08f3ti01pgyal0k1rolesyc0onqovkit3tarnslpd0hzl1spagb7ziw1lstbqwgwvrlf4rluhpc4ydmebbzxvlayoymwopig97ccz
1970-01-01 00:00:00.000000035,x3pujr4oysnrnt5sxnghopgxhracsvjpjufyhftmx26cklrbpf1qjro3gnn0y9fw7feynl
1970-01-01 00:00:00.000000036,rtydwy8ankti5 6jshukhodvzugng6qwvn9 v3we5iydvedxfenwvghr 4xy1d bqxlyuvwnzypdyzwnskc8ofsdzverunahxdep
1970-01-01 00:00:00.000000037,tnppdajlll8bvt1kibdayl c9ijb
1970-01-01 00:00:00.000000038,nhk4rkx15aj0828ex
1970-01-01 00:00:00.000000039,33bfq6l0csokpcq8ixlibvlydx j5y4l
1970-01-01 00:00:00.000000040,i7qipguvutojbhzbxvqtas kl
1970-01-01 00:00:00.000000041,to d8im766yvjiioqnyedjgx6ceomghszqndflihaapz28jujurqfit6z0nlcok4pg2gsgzltycos7knikrmkvg
1970-01-01 00:00:00.000000042,de0z8eklromkzppfvp9y2f01iyx eilxmzshdp8bgzapphoepxwpknqwordnumberingxmln0mb1rr4edbqd9c
1970-01-01 00:00:00.000000043,txd4gdlno71wvhotk5ckrs2kvt
1970-01-01 00:00:00.000000044,fqqsm2u5me8qnsj2l5vl8syfqppa2yxiav nl5w4uggqnufjxgvbgay85yammoxbzms9pnm2x7fxc9ziygy8vn6apofnhxhda79f5lik16xho2so1pknoofwordfonttablexmln0x4jlqnkw4idiuts9yhec1rnzywxuqqt8d8ax1nf4y8bvfc1umqehfqaiffcp3nzg2xdp0vs3p1edydns lp3vtprjch5ckfjz6st4fwk1kbqea2 pnpv1yo2r6ne1ddynbtgrmn3d8jsptq1gtq9udmbcj0hhpmujb2ousrbf84b7szjuzbznepl6l6fzitao540chihwozs4sr4jlzwopntugntps7uf35fprujparekmfupk
1970-01-01 00:00:00.000000045,nwordmediapkndwordmediaimage1pngypng
1970-01-01 00:00:00.000000046,filled
1970-01-01 00:00:00.000000047,ihdrosrgbgamaaphysodidatxtugg6awq4mmfbqgluumvm7az6s3yybcstna yhpna ykgj5ucfzi7h1bywn6qazytfx9rfekliiripecgsjkpvskwuqe2cngyc1rx3gxdfgcsoe7ovm7kcxof8dzi
1970-01-01 00:00:00.000000048,exinivqhy7lcge yurgoirf
1970-01-01 00:00:00.000000049,e6uxesepedhyzb
1970-01-01 00:00:00.000000050,cvrhe
1970-01-01 00:00:00.000000051,fsuuepozpw9
1970-01-01 00:00:00.000000052,pelrehpeeeetwqsrmoq0g
1970-01-01 00:00:00.000000053,fqfy75m22rnuvocxbgmgcjkksqxellmd4l07pqjyyybgvqpxpsctwt0nzslbvxvljj9rdelyzowxpmoin9owqn
1970-01-01 00:00:00.000000054,wwvlms mhuio befcuhvix3etloq0n
1970-01-01 00:00:00.000000055,qistmcikobytdqjleeici9dz374vxkek4pp6kvypmqrj2uiwoquupxrugixjdznzvtdf6la05atlcebyddffc psrtemcyhvipw bebjnu3akzgmedujqtvjh8dpmszkjyvayrp8xpeknn7lqbpjziw9zm tygqghdy hrp t6oo8thwgusbea
1970-01-01 00:00:00.000000056,uz
1970-01-01 00:00:00.000000057,1jbydbj4j9urnsh7myd mj8gviaarih9ibq4syaivsvwvks8uyi5usvziaanhlo9wyq84onkykzinhsjrrvbfbyp8pm55o1rvqzvyakiua3 rotq6pocizxjlobcmobjl5uuvlkx2jzrnmi0qzkgl6oled4vkd3ncjndv9ye4gb8e6qupnspozkx64fifguyow3sx2fil1coxp4ookzibj2yixtsscw2n89qntj2cmhvalqbnsh8adhpoju9bxxosmtnkhtgghxgfot3ftrncqvvbgl1wgpb7nuhiivy01hdzz9vxbodwoboxckepvvutaojhhgfpl1rxj xyihl9tdd4n8zhabp77weaakne0z
1970-01-01 00:00:00.000000058,ommuhm6ylhgkwl1grwueyftenqqn033s6agncown0e9rttdc0ogeezleel1sagrgzreljve rdqagg9yxortxxer2cxmngndrlr76oy8ptswwghdvz9tqez7pte sqxarjm7c911qptwyhqmbuuurxseg2djphyt2ax wqv7t
1970-01-01 00:00:00.000000059,exv
1970-01-01 00:00:00.000000060,yu8cr5 x3vo kushv728xiuq7kmf1torygmubm7xny2pyk2lme77riatg bqqdoa9ylanzacgrrzdtsfrittli1evjwhoiiqqyfqwvqopeqxlwshyofrqzgqzegruqlnifwqmalypa5mipf6vlp816naiaoemzwwi
1970-01-01 00:00:00.000000061,ocahez6tw7ux8pna yhxffrkbeeo9cq 6 ydqvwgutofhrgjsh7rucpa2wextvph4qifjwvk4bwqrlzrdi4armohvpyig8 xvinhn593rdyeac mqfbjh0yxueen4hfukphs9pjkiqrwcbb2nea4ikqhefhsev3y7fkgpkizrblv50ywhjikzip
1970-01-01 00:00:00.000000062,5k9tzljkxyyhlskfrd it
1970-01-01 00:00:00.000000063,tql xxvysyyuperg2tfols6xtf
1970-01-01 00:00:00.000000064,rzbpehjozfzvbwyj 1zbrfjbarpf26msifudnwsm026eazddi1be4djrjlqqgfrvffmpbp9smaeplao6yenyuhmdoprb7zno14vdvbisdqaualbnato1m00y7iru7 yphpcwiendbpk
1970-01-01 00:00:00.000000065,nrelspknrelsrelsj17lodhlr2gszstxm
1970-01-01 00:00:00.000000066,unaq3zcd62y0w6zuikanltrbirfujg17pay1httd8gtd9ypk
1970-01-01 00:00:00.000000067,nwordrelspkn6wordrelsdocumentxmlrelsj0priwe6vbnwz07f5i0iypznovkgsbthrmchololjmfujwz2lreslsg43alcbm8hclg6jcbbrc4yzhar8epknpcontenttypesxmln0ehcj5ecgzyrscdydyrbd8bjd0tze2 pfmdv
1970-01-01 00:00:00.000000068,alorke7jtxorfnm3el0reryz0u1zidgha2ugey8orbwht p3xkwb 1ndgndf4pknp ncontenttypesxmlpk
1970-01-01 00:00:00.000000069,nkrelspkn dkrelsrelspk
1970-01-01 00:00:00.000000070,ndocpropspknrtq docpropsappxmlpknwo docpropscorexmlpkn docpropscustomxmlpk
1970-01-01 00:00:00.000000071,nwordpk
1970-01-01 00:00:00.000000072,nlwordrelspkn6 lwordrelsdocumentxmlrelspkn7dk worddocumentxmlpkn4 pwordendnotesxmlpknoof wordfonttablexmlpknv
1970-01-01 00:00:00.000000073,t bwordfootnotesxmlpk
1970-01-01 00:00:00.000000074,n90wordmediapknd b0wordmediaimage1pngpknq nwordnumberingxmlpknv5
1970-01-01 00:00:00.000000075,wordsettingsxmlpkn
1970-01-01 00:00:00.000000076,g wordstylesxmlpk
1970-01-01 00:00:00.000000077,nwordthemepkn wordthemetheme1xmlpko
